{
    "disciplinas": {
        " BIOLOGIA": {
            "x": 116,
            "y": 0.271055179090029,
            "largura": 0.3375512995896033,
            "altura": 0.021781219748305904
        },
        " FÍSICA": {
            "x": 116,
            "y": 0.29283639883833495,
            "largura": 0.3375512995896033,
            "altura": 0.021781219748305904
        },
        " QUÍMICA": {
            "x": 116,
            "y": 0.31461761858664083,
            "largura": 0.3375512995896033,
            "altura": 0.021781219748305904
        },
        " FILOSOFIA": {
            "x": 116,
            "y": 0.3503146176185866,
            "largura": 0.3375512995896033,
            "altura": 0.02105517909002904
        },
        " GEOGRAFIA": {
            "x": 116,
            "y": 0.37185382381413357,
            "largura": 0.3375512995896033,
            "altura": 0.02202323330106486
        },
        " HISTÓRIA": {
            "x": 116,
            "y": 0.393756050338819,
            "largura": 0.3375512995896033,
            "altura": 0.021781219748305904
        },
        " SOCIOLOGIA": {
            "x": 116,
            "y": 0.41529525653436594,
            "largura": 0.3375512995896033,
            "altura": 0.021297192642787996
        },
        " ARTE": {
            "x": 116,
            "y": 0.45135527589545016,
            "largura": 0.3375512995896033,
            "altura": 0.020813165537270088
        },
        " EDUCAÇÃO FÍSICA": {
            "x": 116,
            "y": 0.47265246853823817,
            "largura": 0.3375512995896033,
            "altura": 0.021781219748305904
        },
        " LINGUA ESTRANGEIRA - INGLES": {
            "x": 116,
            "y": 0.49455469506292354,
            "largura": 0.3375512995896033,
            "altura": 0.02202323330106486
        },
        " LÍNGUA PORTUGUESA": {
            "x": 116,
            "y": 0.5162149080348499,
            "largura": 0.3375512995896033,
            "altura": 0.021297192642787996
        },
        " MATEMÁTICA": {
            "x": 116,
            "y": 0.5520329138431752,
            "largura": 0.3375512995896033,
            "altura": 0.021297192642787996
        },
        " CIÊNCIAS DA NATUREZA PARA O ENEM": {
            "x": 116,
            "y": 0.5871248789932236,
            "largura": 0.3375512995896033,
            "altura": 0.021297192642787996
        },
        " CIÊNCIAS HUMANAS PARA O ENEM": {
            "x": 116,
            "y": 0.6087850919651501,
            "largura": 0.3375512995896033,
            "altura": 0.02202323330106486
        },
        " LINGUAGENS PARA O ENEM": {
            "x": 116,
            "y": 0.6306873184898354,
            "largura": 0.3375512995896033,
            "altura": 0.021781219748305904
        },
        " MATEMÁTICA PARA O ENEM": {
            "x": 116,
            "y": 0.6524685382381413,
            "largura": 0.3375512995896033,
            "altura": 0.021781219748305904
        },
        " REDAÇÃO": {
            "x": 116,
            "y": 0.6741287512100678,
            "largura": 0.3375512995896033,
            "altura": 0.021539206195546952
        }
    },
    "notas_por_disciplina": {
        " BIOLOGIA": [
            {
                "nota": "6,0",
                "x": 0.6120041039671683,
                "y": 0.27202323330106487,
                "largura": 0.01573187414500684,
                "altura": 0.016456921587608905
            }
        ],
        " FÍSICA": [
            {
                "nota": "6,0",
                "x": 0.6120041039671683,
                "y": 0.29404646660212974,
                "largura": 0.01573187414500684,
                "altura": 0.016456921587608905
            }
        ],
        " QUÍMICA": [
            {
                "nota": "6,0",
                "x": 0.6120041039671683,
                "y": 0.3158276863504356,
                "largura": 0.01573187414500684,
                "altura": 0.016456921587608905
            }
        ],
        " FILOSOFIA": [
            {
                "nota": "7,0",
                "x": 0.6120041039671683,
                "y": 0.351161665053243,
                "largura": 0.01573187414500684,
                "altura": 0.016456921587608905
            }
        ],
        " GEOGRAFIA": [
            {
                "nota": "6,0",
                "x": 0.6120041039671683,
                "y": 0.3729428848015489,
                "largura": 0.01573187414500684,
                "altura": 0.016456921587608905
            }
        ],
        " HISTÓRIA": [
            {
                "nota": "6,0",
                "x": 0.6120041039671683,
                "y": 0.3947241045498548,
                "largura": 0.01573187414500684,
                "altura": 0.016456921587608905
            }
        ],
        " SOCIOLOGIA": [
            {
                "nota": "7,0",
                "x": 0.6120041039671683,
                "y": 0.4165053242981607,
                "largura": 0.01573187414500684,
                "altura": 0.016456921587608905
            }
        ],
        " ARTE": [
            {
                "nota": "6,0",
                "x": 0.6120041039671683,
                "y": 0.45183930300096803,
                "largura": 0.01573187414500684,
                "altura": 0.016456921587608905
            }
        ],
        " EDUCAÇÃO FÍSICA": [
            {
                "nota": "6,0",
                "x": 0.6120041039671683,
                "y": 0.4738625363020329,
                "largura": 0.01573187414500684,
                "altura": 0.016456921587608905
            }
        ],
        " LINGUA ESTRANGEIRA - INGLES": [
            {
                "nota": "6,0",
                "x": 0.6120041039671683,
                "y": 0.49564375605033884,
                "largura": 0.01573187414500684,
                "altura": 0.016456921587608905
            }
        ],
        " LÍNGUA PORTUGUESA": [
            {
                "nota": "7,0",
                "x": 0.6120041039671683,
                "y": 0.5174249757986448,
                "largura": 0.01573187414500684,
                "altura": 0.016456921587608905
            }
        ],
        " MATEMÁTICA": [
            {
                "nota": "6,0",
                "x": 0.6120041039671683,
                "y": 0.5527589545014521,
                "largura": 0.01573187414500684,
                "altura": 0.016456921587608905
            }
        ],
        " CIÊNCIAS DA NATUREZA PARA O ENEM": [
            {
                "nota": "7,0",
                "x": 0.6120041039671683,
                "y": 0.5880929332042595,
                "largura": 0.01573187414500684,
                "altura": 0.016456921587608905
            }
        ],
        " CIÊNCIAS HUMANAS PARA O ENEM": [
            {
                "nota": "6,0",
                "x": 0.6120041039671683,
                "y": 0.6098741529525653,
                "largura": 0.01573187414500684,
                "altura": 0.016456921587608905
            }
        ],
        " LINGUAGENS PARA O ENEM": [
            {
                "nota": "6,0",
                "x": 0.6120041039671683,
                "y": 0.6316553727008712,
                "largura": 0.01573187414500684,
                "altura": 0.016456921587608905
            }
        ],
        " MATEMÁTICA PARA O ENEM": [
            {
                "nota": "7,0",
                "x": 0.6120041039671683,
                "y": 0.6536786060019361,
                "largura": 0.01573187414500684,
                "altura": 0.016456921587608905
            }
        ],
        " REDAÇÃO": [
            {
                "nota": "6,0",
                "x": 0.6120041039671683,
                "y": 0.675459825750242,
                "largura": 0.01573187414500684,
                "altura": 0.016456921587608905
            }
        ]
    },
    "imagem_dimensoes": {
        "largura": 5848,
        "altura": 4132
    }
}